{"cameraMode":{"drawMode":0,"name":"Shaded","section":"Shading Mode"},"sceneLighting":true,"audioPlay":false,"sceneViewState":{"showFog":true,"showMaterialUpdate":false,"showSkybox":true,"showFlares":true,"showImageEffects":true,"showParticleSystems":true},"in2DMode":false,"pivot":{"x":-9.747879028320313,"y":-23.215900421142579,"z":410.0212707519531},"rotation":{"x":0.04229624941945076,"y":-0.00599943520501256,"z":0.00025398735306225717,"w":0.9990895390510559},"size":486.8777160644531,"orthographic":false}