{"cameraMode":{"drawMode":0,"name":"Shaded","section":"Shading Mode"},"sceneLighting":true,"audioPlay":false,"sceneViewState":{"showFog":true,"showMaterialUpdate":false,"showSkybox":true,"showFlares":true,"showImageEffects":true,"showParticleSystems":true},"in2DMode":false,"pivot":{"x":0.36922284960746767,"y":3.129683494567871,"z":-9.910743713378907},"rotation":{"x":0.022497188299894334,"y":0.008997426368296147,"z":-0.00020248509827069938,"w":0.9997063875198364},"size":25.49135971069336,"orthographic":false}