{"cameraMode":{"drawMode":0,"name":"Shaded","section":"Shading Mode"},"sceneLighting":true,"audioPlay":false,"sceneViewState":{"m_AlwaysRefresh":false,"showFog":true,"showSkybox":true,"showFlares":true,"showImageEffects":true,"showParticleSystems":true,"showVisualEffectGraphs":true,"m_FxEnabled":true},"in2DMode":false,"pivot":{"x":-1.7723770141601563,"y":0.810031533241272,"z":-9.977495193481446},"rotation":{"x":-0.014997408725321293,"y":-0.016497360542416574,"z":-0.0002474838402122259,"w":0.9997522234916687},"size":7.994819164276123,"orthographic":false}