{"cameraMode":{"drawMode":0,"name":"Shaded","section":"Shading Mode"},"sceneLighting":true,"audioPlay":false,"sceneViewState":{"m_AlwaysRefresh":false,"showFog":true,"showSkybox":true,"showFlares":true,"showImageEffects":true,"showParticleSystems":true,"showVisualEffectGraphs":true,"m_FxEnabled":true},"in2DMode":false,"pivot":{"x":28.063980102539064,"y":-0.6876373291015625,"z":189.47259521484376},"rotation":{"x":0.08221454173326493,"y":-0.5117703676223755,"z":0.04927999526262283,"w":0.8537638783454895},"size":151.1141357421875,"orthographic":false}