{"cameraMode":{"drawMode":0,"name":"Shaded","section":"Shading Mode"},"sceneLighting":true,"audioPlay":false,"sceneViewState":{"m_AlwaysRefresh":false,"showFog":true,"showSkybox":true,"showFlares":true,"showImageEffects":true,"showParticleSystems":true,"showVisualEffectGraphs":true,"m_FxEnabled":true},"in2DMode":false,"pivot":{"x":-1.5396009683609009,"y":-8.211204528808594,"z":27.382156372070314},"rotation":{"x":0.016482368111610414,"y":-0.047376491129398349,"z":0.0007782084867358208,"w":0.9987488389015198},"size":112.75346374511719,"orthographic":true}